Locatie,Ondergrond,Afwerking,Prijs
buitenwerk,behangklaar (nieuwbouw),latex spuitwerk,8
buitenwerk,behangklaar (nieuwbouw),latex spuitwerk,8
buitenwerk,behangklaar (nieuwbouw),spackspuitwerk (korrel),10
buitenwerk,behangklaar (nieuwbouw),spackspuitwerk (korrel),10
buitenwerk,behangklaar (nieuwbouw),glad pleisterwerk,12
buitenwerk,behangklaar (nieuwbouw),glad pleisterwerk,12
buitenwerk,behangklaar (nieuwbouw),granol (boomschorseffect),18
buitenwerk,behangklaar (nieuwbouw),granol (boomschorseffect),18
buitenwerk,behangklaar (nieuwbouw),schuurwerk (vlammen),18
buitenwerk,behangklaar (nieuwbouw),schuurwerk (vlammen),18
buitenwerk,behangklaar (nieuwbouw),spachtelputz (korrel),18
buitenwerk,behangklaar (nieuwbouw),spachtelputz (korrel),18
buitenwerk,behangklaar (nieuwbouw),glad pleisterwerk (latex),20
buitenwerk,behangklaar (nieuwbouw),glad pleisterwerk (latex),20
buitenwerk,behangklaar (nieuwbouw),betonlook,120
buitenwerk,behangklaar (nieuwbouw),betonlook,120
buitenwerk,behangklaar (nieuwbouw),leemstuc,120
buitenwerk,behangklaar (nieuwbouw),leemstuc,120
buitenwerk,behangklaar (nieuwbouw),marmerpleister,120
buitenwerk,behangklaar (nieuwbouw),marmerpleister,120
buitenwerk,behangklaar (nieuwbouw),pandomo,120
buitenwerk,behangklaar (nieuwbouw),pandomo,120
buitenwerk,beton,latex spuitwerk,8
buitenwerk,beton,latex spuitwerk,8
buitenwerk,beton,glad pleisterwerk,12
buitenwerk,beton,glad pleisterwerk,12
buitenwerk,beton,spackspuitwerk (korrel),12
buitenwerk,beton,spackspuitwerk (korrel),12
buitenwerk,beton,granol (boomschorseffect),18
buitenwerk,beton,granol (boomschorseffect),18
buitenwerk,beton,schuurwerk (vlammen),18
buitenwerk,beton,schuurwerk (vlammen),18
buitenwerk,beton,spachtelputz (korrel),18
buitenwerk,beton,spachtelputz (korrel),18
buitenwerk,beton,glad pleisterwerk (latex),19
buitenwerk,beton,glad pleisterwerk (latex),19
buitenwerk,beton,betonlook,120
buitenwerk,beton,betonlook,120
buitenwerk,beton,leemstuc,120
buitenwerk,beton,leemstuc,120
buitenwerk,beton,marmerpleister,120
buitenwerk,beton,marmerpleister,120
buitenwerk,beton,pandomo,120
buitenwerk,beton,pandomo,120
buitenwerk,giboblokken,latex spuitwerk,8
buitenwerk,giboblokken,latex spuitwerk,8
buitenwerk,giboblokken,glad pleisterwerk,12
buitenwerk,giboblokken,glad pleisterwerk,12
buitenwerk,giboblokken,granol (boomschorseffect),18
buitenwerk,giboblokken,granol (boomschorseffect),18
buitenwerk,giboblokken,schuurwerk (vlammen),18
buitenwerk,giboblokken,schuurwerk (vlammen),18
buitenwerk,giboblokken,spachtelputz (korrel),18
buitenwerk,giboblokken,spachtelputz (korrel),18
buitenwerk,giboblokken,glad pleisterwerk (latex),19
buitenwerk,giboblokken,glad pleisterwerk (latex),19
buitenwerk,giboblokken,betonlook,120
buitenwerk,giboblokken,betonlook,120
buitenwerk,giboblokken,leemstuc,120
buitenwerk,giboblokken,leemstuc,120
buitenwerk,giboblokken,marmerpleister,120
buitenwerk,giboblokken,marmerpleister,120
buitenwerk,giboblokken,pandomo,120
buitenwerk,giboblokken,pandomo,120
buitenwerk,gipsplaten,latex spuitwerk,8
buitenwerk,gipsplaten,latex spuitwerk,8
buitenwerk,gipsplaten,glad pleisterwerk,18
buitenwerk,gipsplaten,glad pleisterwerk,18
buitenwerk,gipsplaten,schuurwerk (vlammen),18
buitenwerk,gipsplaten,schuurwerk (vlammen),18
buitenwerk,gipsplaten,glad pleisterwerk (latex),26
buitenwerk,gipsplaten,glad pleisterwerk (latex),26
buitenwerk,gipsplaten,granol (boomschorseffect),30
buitenwerk,gipsplaten,granol (boomschorseffect),30
buitenwerk,gipsplaten,spachtelputz (korrel),30
buitenwerk,gipsplaten,spachtelputz (korrel),30
buitenwerk,gipsplaten,betonlook,140
buitenwerk,gipsplaten,betonlook,140
buitenwerk,gipsplaten,leemstuc,140
buitenwerk,gipsplaten,leemstuc,140
buitenwerk,gipsplaten,marmerpleister,140
buitenwerk,gipsplaten,marmerpleister,140
buitenwerk,gipsplaten,pandomo,140
buitenwerk,gipsplaten,pandomo,140
buitenwerk,metselwerk,latex spuitwerk,8
buitenwerk,metselwerk,latex spuitwerk,8
buitenwerk,metselwerk,glad pleisterwerk,22
buitenwerk,metselwerk,glad pleisterwerk,22
buitenwerk,metselwerk,schuurwerk (vlammen),25
buitenwerk,metselwerk,schuurwerk (vlammen),25
buitenwerk,metselwerk,glad pleisterwerk (latex),30
buitenwerk,metselwerk,glad pleisterwerk (latex),30
buitenwerk,metselwerk,granol (boomschorseffect),35
buitenwerk,metselwerk,granol (boomschorseffect),35
buitenwerk,metselwerk,spachtelputz (korrel),35
buitenwerk,metselwerk,spachtelputz (korrel),35
buitenwerk,metselwerk,betonlook,140
buitenwerk,metselwerk,betonlook,140
buitenwerk,metselwerk,leemstuc,140
buitenwerk,metselwerk,leemstuc,140
buitenwerk,metselwerk,marmerpleister,140
buitenwerk,metselwerk,marmerpleister,140
buitenwerk,metselwerk,pandomo,140
buitenwerk,metselwerk,pandomo,140
buitenwerk,oud stucwerk,latex spuitwerk,8
buitenwerk,oud stucwerk,latex spuitwerk,8
buitenwerk,oud stucwerk,schuurwerk (vlammen),18
buitenwerk,oud stucwerk,schuurwerk (vlammen),18
buitenwerk,oud stucwerk,glad pleisterwerk,20
buitenwerk,oud stucwerk,glad pleisterwerk,20
buitenwerk,oud stucwerk,glad pleisterwerk (latex),28
buitenwerk,oud stucwerk,glad pleisterwerk (latex),28
buitenwerk,oud stucwerk,granol (boomschorseffect),30
buitenwerk,oud stucwerk,granol (boomschorseffect),30
buitenwerk,oud stucwerk,spachtelputz (korrel),32
buitenwerk,oud stucwerk,spachtelputz (korrel),32
buitenwerk,oud stucwerk,betonlook,140
buitenwerk,oud stucwerk,betonlook,140
buitenwerk,oud stucwerk,leemstuc,140
buitenwerk,oud stucwerk,leemstuc,140
buitenwerk,oud stucwerk,marmerpleister,140
buitenwerk,oud stucwerk,marmerpleister,140
buitenwerk,oud stucwerk,pandomo,140
buitenwerk,oud stucwerk,pandomo,140
buitenwerk,spackspuitwerk,latex spuitwerk,8
buitenwerk,spackspuitwerk,latex spuitwerk,8
buitenwerk,spackspuitwerk,glad pleisterwerk,15
buitenwerk,spackspuitwerk,glad pleisterwerk,15
buitenwerk,spackspuitwerk,schuurwerk (vlammen),18
buitenwerk,spackspuitwerk,schuurwerk (vlammen),18
buitenwerk,spackspuitwerk,glad pleisterwerk (latex),23
buitenwerk,spackspuitwerk,glad pleisterwerk (latex),23
buitenwerk,spackspuitwerk,granol (boomschorseffect),28
buitenwerk,spackspuitwerk,granol (boomschorseffect),28
buitenwerk,spackspuitwerk,spachtelputz (korrel),28
buitenwerk,spackspuitwerk,spachtelputz (korrel),28
buitenwerk,spackspuitwerk,betonlook,120
buitenwerk,spackspuitwerk,betonlook,120
buitenwerk,spackspuitwerk,leemstuc,120
buitenwerk,spackspuitwerk,leemstuc,120
buitenwerk,spackspuitwerk,marmerpleister,120
buitenwerk,spackspuitwerk,marmerpleister,120
buitenwerk,spackspuitwerk,pandomo,120
buitenwerk,spackspuitwerk,pandomo,120
buitenwerk,stucplaten,latex spuitwerk,8
buitenwerk,stucplaten,latex spuitwerk,8
buitenwerk,stucplaten,glad pleisterwerk,18
buitenwerk,stucplaten,glad pleisterwerk,18
buitenwerk,stucplaten,schuurwerk (vlammen),18
buitenwerk,stucplaten,schuurwerk (vlammen),18
buitenwerk,stucplaten,glad pleisterwerk (latex),26
buitenwerk,stucplaten,glad pleisterwerk (latex),26
buitenwerk,stucplaten,granol (boomschorseffect),30
buitenwerk,stucplaten,granol (boomschorseffect),30
buitenwerk,stucplaten,spachtelputz (korrel),30
buitenwerk,stucplaten,spachtelputz (korrel),30
buitenwerk,stucplaten,betonlook,140
buitenwerk,stucplaten,betonlook,140
buitenwerk,stucplaten,leemstuc,140
buitenwerk,stucplaten,leemstuc,140
buitenwerk,stucplaten,marmerpleister,140
buitenwerk,stucplaten,marmerpleister,140
buitenwerk,stucplaten,pandomo,140
buitenwerk,stucplaten,pandomo,140
plafond,behangklaar (nieuwbouw),latex spuitwerk,8
plafond,behangklaar (nieuwbouw),latex spuitwerk,8
plafond,behangklaar (nieuwbouw),glad pleisterwerk,16
plafond,behangklaar (nieuwbouw),glad pleisterwerk,16
plafond,behangklaar (nieuwbouw),glad pleisterwerk (latex),24
plafond,behangklaar (nieuwbouw),glad pleisterwerk (latex),24
plafond,behangklaar (nieuwbouw),schuurwerk (vlammen),25
plafond,behangklaar (nieuwbouw),schuurwerk (vlammen),25
plafond,beton,latex spuitwerk,8
plafond,beton,latex spuitwerk,8
plafond,beton,glad pleisterwerk,16
plafond,beton,glad pleisterwerk,16
plafond,beton,glad pleisterwerk (latex),24
plafond,beton,glad pleisterwerk (latex),24
plafond,beton,schuurwerk (vlammen),25
plafond,beton,schuurwerk (vlammen),25
plafond,gipsplaten,latex spuitwerk,8
plafond,gipsplaten,latex spuitwerk,8
plafond,gipsplaten,glad pleisterwerk,20
plafond,gipsplaten,glad pleisterwerk,20
plafond,gipsplaten,schuurwerk (vlammen),25
plafond,gipsplaten,schuurwerk (vlammen),25
plafond,gipsplaten,glad pleisterwerk (latex),26
plafond,gipsplaten,glad pleisterwerk (latex),26
plafond,oud stucwerk,latex spuitwerk,8
plafond,oud stucwerk,latex spuitwerk,8
plafond,oud stucwerk,glad pleisterwerk,20
plafond,oud stucwerk,glad pleisterwerk,20
plafond,oud stucwerk,schuurwerk (vlammen),25
plafond,oud stucwerk,schuurwerk (vlammen),25
plafond,oud stucwerk,glad pleisterwerk (latex),28
plafond,oud stucwerk,glad pleisterwerk (latex),28
plafond,spackspuitwerk,latex spuitwerk,8
plafond,spackspuitwerk,latex spuitwerk,8
plafond,spackspuitwerk,glad pleisterwerk,16
plafond,spackspuitwerk,glad pleisterwerk,16
plafond,spackspuitwerk,glad pleisterwerk (latex),24
plafond,spackspuitwerk,glad pleisterwerk (latex),24
plafond,spackspuitwerk,schuurwerk (vlammen),25
plafond,spackspuitwerk,schuurwerk (vlammen),25
plafond,stucplaten,latex spuitwerk,8
plafond,stucplaten,latex spuitwerk,8
plafond,stucplaten,glad pleisterwerk,18
plafond,stucplaten,glad pleisterwerk,18
plafond,stucplaten,schuurwerk (vlammen),25
plafond,stucplaten,schuurwerk (vlammen),25
plafond,stucplaten,glad pleisterwerk (latex),26
plafond,stucplaten,glad pleisterwerk (latex),26
wanden,behangklaar (nieuwbouw),latex spuitwerk,8
wanden,behangklaar (nieuwbouw),latex spuitwerk,8
wanden,behangklaar (nieuwbouw),spackspuitwerk (korrel),10
wanden,behangklaar (nieuwbouw),spackspuitwerk (korrel),10
wanden,behangklaar (nieuwbouw),glad pleisterwerk,12
wanden,behangklaar (nieuwbouw),glad pleisterwerk,12
wanden,behangklaar (nieuwbouw),granol (boomschorseffect),18
wanden,behangklaar (nieuwbouw),granol (boomschorseffect),18
wanden,behangklaar (nieuwbouw),schuurwerk (vlammen),18
wanden,behangklaar (nieuwbouw),schuurwerk (vlammen),18
wanden,behangklaar (nieuwbouw),spachtelputz (korrel),18
wanden,behangklaar (nieuwbouw),spachtelputz (korrel),18
wanden,behangklaar (nieuwbouw),glad pleisterwerk (latex),20
wanden,behangklaar (nieuwbouw),glad pleisterwerk (latex),20
wanden,behangklaar (nieuwbouw),betonlook,120
wanden,behangklaar (nieuwbouw),betonlook,120
wanden,behangklaar (nieuwbouw),leemstuc,120
wanden,behangklaar (nieuwbouw),leemstuc,120
wanden,behangklaar (nieuwbouw),marmerpleister,120
wanden,behangklaar (nieuwbouw),marmerpleister,120
wanden,behangklaar (nieuwbouw),pandomo,120
wanden,behangklaar (nieuwbouw),pandomo,120
wanden,beton,latex spuitwerk,8
wanden,beton,latex spuitwerk,8
wanden,beton,glad pleisterwerk,12
wanden,beton,glad pleisterwerk,12
wanden,beton,spackspuitwerk (korrel),12
wanden,beton,spackspuitwerk (korrel),12
wanden,beton,granol (boomschorseffect),18
wanden,beton,granol (boomschorseffect),18
wanden,beton,schuurwerk (vlammen),18
wanden,beton,schuurwerk (vlammen),18
wanden,beton,spachtelputz (korrel),18
wanden,beton,spachtelputz (korrel),18
wanden,beton,glad pleisterwerk (latex),19
wanden,beton,glad pleisterwerk (latex),19
wanden,beton,betonlook,120
wanden,beton,betonlook,120
wanden,beton,leemstuc,120
wanden,beton,leemstuc,120
wanden,beton,marmerpleister,120
wanden,beton,marmerpleister,120
wanden,beton,pandomo,120
wanden,beton,pandomo,120
wanden,giboblokken,latex spuitwerk,8
wanden,giboblokken,latex spuitwerk,8
wanden,giboblokken,glad pleisterwerk,12
wanden,giboblokken,glad pleisterwerk,12
wanden,giboblokken,granol (boomschorseffect),18
wanden,giboblokken,granol (boomschorseffect),18
wanden,giboblokken,schuurwerk (vlammen),18
wanden,giboblokken,schuurwerk (vlammen),18
wanden,giboblokken,spachtelputz (korrel),18
wanden,giboblokken,spachtelputz (korrel),18
wanden,giboblokken,glad pleisterwerk (latex),19
wanden,giboblokken,glad pleisterwerk (latex),19
wanden,giboblokken,betonlook,120
wanden,giboblokken,betonlook,120
wanden,giboblokken,leemstuc,120
wanden,giboblokken,leemstuc,120
wanden,giboblokken,marmerpleister,120
wanden,giboblokken,marmerpleister,120
wanden,giboblokken,pandomo,120
wanden,giboblokken,pandomo,120
wanden,gipsplaten,latex spuitwerk,8
wanden,gipsplaten,latex spuitwerk,8
wanden,gipsplaten,glad pleisterwerk,18
wanden,gipsplaten,glad pleisterwerk,18
wanden,gipsplaten,schuurwerk (vlammen),18
wanden,gipsplaten,schuurwerk (vlammen),18
wanden,gipsplaten,glad pleisterwerk (latex),26
wanden,gipsplaten,glad pleisterwerk (latex),26
wanden,gipsplaten,granol (boomschorseffect),30
wanden,gipsplaten,granol (boomschorseffect),30
wanden,gipsplaten,spachtelputz (korrel),30
wanden,gipsplaten,spachtelputz (korrel),30
wanden,gipsplaten,betonlook,140
wanden,gipsplaten,betonlook,140
wanden,gipsplaten,leemstuc,140
wanden,gipsplaten,leemstuc,140
wanden,gipsplaten,marmerpleister,140
wanden,gipsplaten,marmerpleister,140
wanden,gipsplaten,pandomo,140
wanden,gipsplaten,pandomo,140
wanden,metselwerk,latex spuitwerk,8
wanden,metselwerk,latex spuitwerk,8
wanden,metselwerk,glad pleisterwerk,22
wanden,metselwerk,glad pleisterwerk,22
wanden,metselwerk,schuurwerk (vlammen),25
wanden,metselwerk,schuurwerk (vlammen),25
wanden,metselwerk,glad pleisterwerk (latex),30
wanden,metselwerk,glad pleisterwerk (latex),30
wanden,metselwerk,granol (boomschorseffect),35
wanden,metselwerk,granol (boomschorseffect),35
wanden,metselwerk,spachtelputz (korrel),35
wanden,metselwerk,spachtelputz (korrel),35
wanden,metselwerk,betonlook,140
wanden,metselwerk,betonlook,140
wanden,metselwerk,leemstuc,140
wanden,metselwerk,leemstuc,140
wanden,metselwerk,marmerpleister,140
wanden,metselwerk,marmerpleister,140
wanden,metselwerk,pandomo,140
wanden,metselwerk,pandomo,140
wanden,oud stucwerk,latex spuitwerk,8
wanden,oud stucwerk,latex spuitwerk,8
wanden,oud stucwerk,schuurwerk (vlammen),18
wanden,oud stucwerk,schuurwerk (vlammen),18
wanden,oud stucwerk,glad pleisterwerk,20
wanden,oud stucwerk,glad pleisterwerk,20
wanden,oud stucwerk,glad pleisterwerk (latex),28
wanden,oud stucwerk,glad pleisterwerk (latex),28
wanden,oud stucwerk,granol (boomschorseffect),30
wanden,oud stucwerk,granol (boomschorseffect),30
wanden,oud stucwerk,spachtelputz (korrel),32
wanden,oud stucwerk,spachtelputz (korrel),32
wanden,oud stucwerk,betonlook,140
wanden,oud stucwerk,betonlook,140
wanden,oud stucwerk,leemstuc,140
wanden,oud stucwerk,leemstuc,140
wanden,oud stucwerk,marmerpleister,140
wanden,oud stucwerk,marmerpleister,140
wanden,oud stucwerk,pandomo,140
wanden,oud stucwerk,pandomo,140
wanden,spackspuitwerk,latex spuitwerk,8
wanden,spackspuitwerk,latex spuitwerk,8
wanden,spackspuitwerk,glad pleisterwerk,15
wanden,spackspuitwerk,glad pleisterwerk,15
wanden,spackspuitwerk,schuurwerk (vlammen),18
wanden,spackspuitwerk,schuurwerk (vlammen),18
wanden,spackspuitwerk,glad pleisterwerk (latex),23
wanden,spackspuitwerk,glad pleisterwerk (latex),23
wanden,spackspuitwerk,granol (boomschorseffect),28
wanden,spackspuitwerk,granol (boomschorseffect),28
wanden,spackspuitwerk,spachtelputz (korrel),28
wanden,spackspuitwerk,spachtelputz (korrel),28
wanden,spackspuitwerk,betonlook,120
wanden,spackspuitwerk,betonlook,120
wanden,spackspuitwerk,leemstuc,120
wanden,spackspuitwerk,leemstuc,120
wanden,spackspuitwerk,marmerpleister,120
wanden,spackspuitwerk,marmerpleister,120
wanden,spackspuitwerk,pandomo,120
wanden,spackspuitwerk,pandomo,120
wanden,stucplaten,latex spuitwerk,8
wanden,stucplaten,latex spuitwerk,8
wanden,stucplaten,glad pleisterwerk,18
wanden,stucplaten,glad pleisterwerk,18
wanden,stucplaten,schuurwerk (vlammen),18
wanden,stucplaten,schuurwerk (vlammen),18
wanden,stucplaten,glad pleisterwerk (latex),26
wanden,stucplaten,glad pleisterwerk (latex),26
wanden,stucplaten,granol (boomschorseffect),30
wanden,stucplaten,granol (boomschorseffect),30
wanden,stucplaten,spachtelputz (korrel),30
wanden,stucplaten,spachtelputz (korrel),30
wanden,stucplaten,betonlook,140
wanden,stucplaten,betonlook,140
wanden,stucplaten,leemstuc,140
wanden,stucplaten,leemstuc,140
wanden,stucplaten,marmerpleister,140
wanden,stucplaten,marmerpleister,140
wanden,stucplaten,pandomo,140
wanden,stucplaten,pandomo,140